{
  "timeZone": "Asia/Tokyo",
  "runtimeVersion": "V8",
  "exceptionLogging": "STACKDRIVER",
  "dependencies": {
    "enabledAdvancedServices": [
      { "userSymbol": "Vision", "serviceId": "vision", "version": "v1" },
      { "userSymbol": "Drive",  "serviceId": "drive",  "version": "v3" }
    ]
  },
  "oauthScopes": [
    "https://www.googleapis.com/auth/gmail.modify",
    "https://www.googleapis.com/auth/gmail.labels",
    "https://www.googleapis.com/auth/drive",
    "https://www.googleapis.com/auth/drive.file",
    "https://www.googleapis.com/auth/script.external_request",
    "https://www.googleapis.com/auth/userinfo.email",
    "https://www.googleapis.com/auth/cloud-platform",
    "https://www.googleapis.com/auth/script.scriptapp",
    "https://www.googleapis.com/auth/documents",
    "https://www.googleapis.com/auth/spreadsheets"
  ]

}
